<?xml version="1.0" encoding="us-ascii"?>
  <data>
    <GEN_CONFIG_TBL>
      <FORMAT_CONTROL_1>
        <DATA_ORDER>0</DATA_ORDER>
        <CHAR_FORMAT>1</CHAR_FORMAT>
        <MODEL_SELECT>0</MODEL_SELECT>
        <FILLER>0</FILLER>
      </FORMAT_CONTROL_1>
      <FORMAT_CONTROL_2>
        <TM_FORMAT>3</TM_FORMAT>
        <DATA_ACCESS_METHOD>1</DATA_ACCESS_METHOD>
        <ID_FORM>0</ID_FORM>
        <INT_FORMAT>0</INT_FORMAT>
      </FORMAT_CONTROL_2>
      <FORMAT_CONTROL_3>
        <NI_FORMAT1>0</NI_FORMAT1>
        <NI_FORMAT2>1</NI_FORMAT2>
      </FORMAT_CONTROL_3>
      <DEVICE_CLASS binary="49545241" />
      <NAMEPLATE_TYPE>2</NAMEPLATE_TYPE>
      <DEFAULT_SET_USED>0</DEFAULT_SET_USED>
      <MAX_PROC_PARM_LENGTH>24</MAX_PROC_PARM_LENGTH>
      <MAX_RESP_DATA_LEN>42</MAX_RESP_DATA_LEN>
      <STD_VERSION_NO>2</STD_VERSION_NO>
      <STD_REVISION_NO>0</STD_REVISION_NO>
      <DIM_STD_TBLS_USED>17</DIM_STD_TBLS_USED>
      <DIM_MFG_TBLS_USED>19</DIM_MFG_TBLS_USED>
      <DIM_STD_PROC_USED>4</DIM_STD_PROC_USED>
      <DIM_MFG_PROC_USED>8</DIM_MFG_PROC_USED>
      <DIM_MFG_STATUS_USED>5</DIM_MFG_STATUS_USED>
      <NBR_PENDING>8</NBR_PENDING>
    </GEN_CONFIG_TBL>
    <GENERAL_MFG_ID_TBL>
      <if-else-1 />
      <MANUFACTURER>ITRN</MANUFACTURER>
      <ED_MODEL>CENTRN2M</ED_MODEL>
      <FW_VERSION_NUMBER>2</FW_VERSION_NUMBER>
      <FW_REVISION_NUMBER>0</FW_REVISION_NUMBER>
    </GENERAL_MFG_ID_TBL>
    <UTIL_INFO_TBL>
      <if-else-1 />
      <TARIFF_ID>0</TARIFF_ID>
      <MISC_ID binary="392E38372E35202D2031322F30332F323031382031393A33373A30310000" />
    </UTIL_INFO_TBL>
    <ACT_TIME_TOU_TBL>
      <TIME_FUNC_FLAG1>
        <TOU_SELF_READ_FLAG>false</TOU_SELF_READ_FLAG>
        <SEASON_SELF_READ_FLAG>false</SEASON_SELF_READ_FLAG>
        <SEASON_DEMAND_RESET_FLAG>false</SEASON_DEMAND_RESET_FLAG>
        <SEASON_CHNG_ARMED_FLAG>false</SEASON_CHNG_ARMED_FLAG>
        <SORT_DATES_FLAG>false</SORT_DATES_FLAG>
        <ANCHOR_DATE_FLAG>true</ANCHOR_DATE_FLAG>
        <FILLER>0</FILLER>
      </TIME_FUNC_FLAG1>
      <TIME_FUNC_FLAG2>
        <CAP_DST_AUTO_FLAG>false</CAP_DST_AUTO_FLAG>
        <SEPARATE_WEEKDAYS_FLAG>false</SEPARATE_WEEKDAYS_FLAG>
        <SEPARATE_SUM_DEMANDS_FLAG>false</SEPARATE_SUM_DEMANDS_FLAG>
        <SORT_TIER_SWITCHES_FLAG>false</SORT_TIER_SWITCHES_FLAG>
        <CAP_TM_ZN_OFFSET_FLAG>true</CAP_TM_ZN_OFFSET_FLAG>
        <FILLER>0</FILLER>
      </TIME_FUNC_FLAG2>
      <CALENDAR_FUNC>
        <NBR_SEASONS>4</NBR_SEASONS>
        <NBR_SPECIAL_SCHED>1</NBR_SPECIAL_SCHED>
      </CALENDAR_FUNC>
      <NBR_NON_RECURR_DATES>40</NBR_NON_RECURR_DATES>
      <NBR_RECURR_DATES>4</NBR_RECURR_DATES>
      <NBR_TIER_SWITCHES>25</NBR_TIER_SWITCHES>
      <CALENDAR_TBL_SIZE>225</CALENDAR_TBL_SIZE>
    </ACT_TIME_TOU_TBL>
    <CLOCK_TBL>
      <TIME_DATE_QUAL>
        <DST_SUPPORTED_FLAG>true</DST_SUPPORTED_FLAG>
      </TIME_DATE_QUAL>
    </CLOCK_TBL>
    <TIME_OFFSET_TBL>
      <DST_TIME_EFF>02:00:00</DST_TIME_EFF>
      <DST_TIME_AMT>60</DST_TIME_AMT>
      <TIME_ZONE_OFFSET>-300</TIME_ZONE_OFFSET>
    </TIME_OFFSET_TBL>
    <CALENDAR_TBL>
      <if-else-2 />
      <ANCHOR_DATE>2000-01-01</ANCHOR_DATE>
      <NON_RECURR_DATES>
        <entry index="0">
          <NON_RECURR_DATE>2009-01-01</NON_RECURR_DATE>
          <CALENDAR_ACTION>
            <CALENDAR_CTRL>19</CALENDAR_CTRL>
            <DEMAND_RESET_FLAG>false</DEMAND_RESET_FLAG>
            <SELF_READ_FLAG>false</SELF_READ_FLAG>
            <FILLER>0</FILLER>
          </CALENDAR_ACTION>
        </entry>
        <entry index="1">
          <NON_RECURR_DATE>2009-01-19</NON_RECURR_DATE>
          <CALENDAR_ACTION>
            <CALENDAR_CTRL>19</CALENDAR_CTRL>
            <DEMAND_RESET_FLAG>false</DEMAND_RESET_FLAG>
            <SELF_READ_FLAG>false</SELF_READ_FLAG>
            <FILLER>0</FILLER>
          </CALENDAR_ACTION>
        </entry>
        <entry index="2">
          <NON_RECURR_DATE>2009-01-20</NON_RECURR_DATE>
          <CALENDAR_ACTION>
            <CALENDAR_CTRL>19</CALENDAR_CTRL>
            <DEMAND_RESET_FLAG>false</DEMAND_RESET_FLAG>
            <SELF_READ_FLAG>false</SELF_READ_FLAG>
            <FILLER>0</FILLER>
          </CALENDAR_ACTION>
        </entry>
        <entry index="3">
          <NON_RECURR_DATE>2009-02-02</NON_RECURR_DATE>
          <CALENDAR_ACTION>
            <CALENDAR_CTRL>19</CALENDAR_CTRL>
            <DEMAND_RESET_FLAG>false</DEMAND_RESET_FLAG>
            <SELF_READ_FLAG>false</SELF_READ_FLAG>
            <FILLER>0</FILLER>
          </CALENDAR_ACTION>
        </entry>
        <entry index="4">
          <NON_RECURR_DATE>2009-02-12</NON_RECURR_DATE>
          <CALENDAR_ACTION>
            <CALENDAR_CTRL>19</CALENDAR_CTRL>
            <DEMAND_RESET_FLAG>false</DEMAND_RESET_FLAG>
            <SELF_READ_FLAG>false</SELF_READ_FLAG>
            <FILLER>0</FILLER>
          </CALENDAR_ACTION>
        </entry>
        <entry index="5">
          <NON_RECURR_DATE>2009-02-14</NON_RECURR_DATE>
          <CALENDAR_ACTION>
            <CALENDAR_CTRL>19</CALENDAR_CTRL>
            <DEMAND_RESET_FLAG>false</DEMAND_RESET_FLAG>
            <SELF_READ_FLAG>false</SELF_READ_FLAG>
            <FILLER>0</FILLER>
          </CALENDAR_ACTION>
        </entry>
        <entry index="6">
          <NON_RECURR_DATE>2009-02-16</NON_RECURR_DATE>
          <CALENDAR_ACTION>
            <CALENDAR_CTRL>19</CALENDAR_CTRL>
            <DEMAND_RESET_FLAG>false</DEMAND_RESET_FLAG>
            <SELF_READ_FLAG>false</SELF_READ_FLAG>
            <FILLER>0</FILLER>
          </CALENDAR_ACTION>
        </entry>
        <entry index="7">
          <NON_RECURR_DATE>2009-02-22</NON_RECURR_DATE>
          <CALENDAR_ACTION>
            <CALENDAR_CTRL>19</CALENDAR_CTRL>
            <DEMAND_RESET_FLAG>false</DEMAND_RESET_FLAG>
            <SELF_READ_FLAG>false</SELF_READ_FLAG>
            <FILLER>0</FILLER>
          </CALENDAR_ACTION>
        </entry>
        <entry index="8">
          <NON_RECURR_DATE>2009-04-01</NON_RECURR_DATE>
          <CALENDAR_ACTION>
            <CALENDAR_CTRL>19</CALENDAR_CTRL>
            <DEMAND_RESET_FLAG>false</DEMAND_RESET_FLAG>
            <SELF_READ_FLAG>false</SELF_READ_FLAG>
            <FILLER>0</FILLER>
          </CALENDAR_ACTION>
        </entry>
        <entry index="9">
          <NON_RECURR_DATE>2009-04-22</NON_RECURR_DATE>
          <CALENDAR_ACTION>
            <CALENDAR_CTRL>19</CALENDAR_CTRL>
            <DEMAND_RESET_FLAG>false</DEMAND_RESET_FLAG>
            <SELF_READ_FLAG>false</SELF_READ_FLAG>
            <FILLER>0</FILLER>
          </CALENDAR_ACTION>
        </entry>
        <entry index="10">
          <NON_RECURR_DATE>2009-05-10</NON_RECURR_DATE>
          <CALENDAR_ACTION>
            <CALENDAR_CTRL>19</CALENDAR_CTRL>
            <DEMAND_RESET_FLAG>false</DEMAND_RESET_FLAG>
            <SELF_READ_FLAG>false</SELF_READ_FLAG>
            <FILLER>0</FILLER>
          </CALENDAR_ACTION>
        </entry>
        <entry index="11">
          <NON_RECURR_DATE>2009-05-25</NON_RECURR_DATE>
          <CALENDAR_ACTION>
            <CALENDAR_CTRL>19</CALENDAR_CTRL>
            <DEMAND_RESET_FLAG>false</DEMAND_RESET_FLAG>
            <SELF_READ_FLAG>false</SELF_READ_FLAG>
            <FILLER>0</FILLER>
          </CALENDAR_ACTION>
        </entry>
        <entry index="12">
          <NON_RECURR_DATE>2009-07-04</NON_RECURR_DATE>
          <CALENDAR_ACTION>
            <CALENDAR_CTRL>19</CALENDAR_CTRL>
            <DEMAND_RESET_FLAG>false</DEMAND_RESET_FLAG>
            <SELF_READ_FLAG>false</SELF_READ_FLAG>
            <FILLER>0</FILLER>
          </CALENDAR_ACTION>
        </entry>
        <entry index="13">
          <NON_RECURR_DATE>2009-09-07</NON_RECURR_DATE>
          <CALENDAR_ACTION>
            <CALENDAR_CTRL>19</CALENDAR_CTRL>
            <DEMAND_RESET_FLAG>false</DEMAND_RESET_FLAG>
            <SELF_READ_FLAG>false</SELF_READ_FLAG>
            <FILLER>0</FILLER>
          </CALENDAR_ACTION>
        </entry>
        <entry index="14">
          <NON_RECURR_DATE>2009-11-26</NON_RECURR_DATE>
          <CALENDAR_ACTION>
            <CALENDAR_CTRL>19</CALENDAR_CTRL>
            <DEMAND_RESET_FLAG>false</DEMAND_RESET_FLAG>
            <SELF_READ_FLAG>false</SELF_READ_FLAG>
            <FILLER>0</FILLER>
          </CALENDAR_ACTION>
        </entry>
        <entry index="15">
          <NON_RECURR_DATE>2009-06-21</NON_RECURR_DATE>
          <CALENDAR_ACTION>
            <CALENDAR_CTRL>19</CALENDAR_CTRL>
            <DEMAND_RESET_FLAG>false</DEMAND_RESET_FLAG>
            <SELF_READ_FLAG>false</SELF_READ_FLAG>
            <FILLER>0</FILLER>
          </CALENDAR_ACTION>
        </entry>
        <entry index="16">
          <NON_RECURR_DATE>2009-06-14</NON_RECURR_DATE>
          <CALENDAR_ACTION>
            <CALENDAR_CTRL>19</CALENDAR_CTRL>
            <DEMAND_RESET_FLAG>false</DEMAND_RESET_FLAG>
            <SELF_READ_FLAG>false</SELF_READ_FLAG>
            <FILLER>0</FILLER>
          </CALENDAR_ACTION>
        </entry>
        <entry index="17">
          <NON_RECURR_DATE>2009-12-25</NON_RECURR_DATE>
          <CALENDAR_ACTION>
            <CALENDAR_CTRL>19</CALENDAR_CTRL>
            <DEMAND_RESET_FLAG>false</DEMAND_RESET_FLAG>
            <SELF_READ_FLAG>false</SELF_READ_FLAG>
            <FILLER>0</FILLER>
          </CALENDAR_ACTION>
        </entry>
        <entry index="18">
          <NON_RECURR_DATE>2009-04-24</NON_RECURR_DATE>
          <CALENDAR_ACTION>
            <CALENDAR_CTRL>19</CALENDAR_CTRL>
            <DEMAND_RESET_FLAG>false</DEMAND_RESET_FLAG>
            <SELF_READ_FLAG>false</SELF_READ_FLAG>
            <FILLER>0</FILLER>
          </CALENDAR_ACTION>
        </entry>
        <entry index="19">
          <NON_RECURR_DATE>2009-04-12</NON_RECURR_DATE>
          <CALENDAR_ACTION>
            <CALENDAR_CTRL>19</CALENDAR_CTRL>
            <DEMAND_RESET_FLAG>false</DEMAND_RESET_FLAG>
            <SELF_READ_FLAG>false</SELF_READ_FLAG>
            <FILLER>0</FILLER>
          </CALENDAR_ACTION>
        </entry>
        <entry index="20">
          <NON_RECURR_DATE>2009-05-16</NON_RECURR_DATE>
          <CALENDAR_ACTION>
            <CALENDAR_CTRL>19</CALENDAR_CTRL>
            <DEMAND_RESET_FLAG>false</DEMAND_RESET_FLAG>
            <SELF_READ_FLAG>false</SELF_READ_FLAG>
            <FILLER>0</FILLER>
          </CALENDAR_ACTION>
        </entry>
        <entry index="21">
          <NON_RECURR_DATE>2009-01-01</NON_RECURR_DATE>
          <CALENDAR_ACTION>
            <CALENDAR_CTRL>3</CALENDAR_CTRL>
            <DEMAND_RESET_FLAG>false</DEMAND_RESET_FLAG>
            <SELF_READ_FLAG>false</SELF_READ_FLAG>
            <FILLER>0</FILLER>
          </CALENDAR_ACTION>
        </entry>
        <entry index="22">
          <NON_RECURR_DATE>2009-03-08</NON_RECURR_DATE>
          <CALENDAR_ACTION>
            <CALENDAR_CTRL>1</CALENDAR_CTRL>
            <DEMAND_RESET_FLAG>false</DEMAND_RESET_FLAG>
            <SELF_READ_FLAG>false</SELF_READ_FLAG>
            <FILLER>0</FILLER>
          </CALENDAR_ACTION>
        </entry>
        <entry index="23">
          <NON_RECURR_DATE>2009-11-01</NON_RECURR_DATE>
          <CALENDAR_ACTION>
            <CALENDAR_CTRL>2</CALENDAR_CTRL>
            <DEMAND_RESET_FLAG>false</DEMAND_RESET_FLAG>
            <SELF_READ_FLAG>false</SELF_READ_FLAG>
            <FILLER>0</FILLER>
          </CALENDAR_ACTION>
        </entry>
        <entry index="24">
          <NON_RECURR_DATE>2010-03-14</NON_RECURR_DATE>
          <CALENDAR_ACTION>
            <CALENDAR_CTRL>1</CALENDAR_CTRL>
            <DEMAND_RESET_FLAG>false</DEMAND_RESET_FLAG>
            <SELF_READ_FLAG>false</SELF_READ_FLAG>
            <FILLER>0</FILLER>
          </CALENDAR_ACTION>
        </entry>
        <entry index="25">
          <NON_RECURR_DATE>2010-11-07</NON_RECURR_DATE>
          <CALENDAR_ACTION>
            <CALENDAR_CTRL>2</CALENDAR_CTRL>
            <DEMAND_RESET_FLAG>false</DEMAND_RESET_FLAG>
            <SELF_READ_FLAG>false</SELF_READ_FLAG>
            <FILLER>0</FILLER>
          </CALENDAR_ACTION>
        </entry>
        <entry index="26">
          <NON_RECURR_DATE>2011-03-13</NON_RECURR_DATE>
          <CALENDAR_ACTION>
            <CALENDAR_CTRL>1</CALENDAR_CTRL>
            <DEMAND_RESET_FLAG>false</DEMAND_RESET_FLAG>
            <SELF_READ_FLAG>false</SELF_READ_FLAG>
            <FILLER>0</FILLER>
          </CALENDAR_ACTION>
        </entry>
        <entry index="27">
          <NON_RECURR_DATE>2011-11-06</NON_RECURR_DATE>
          <CALENDAR_ACTION>
            <CALENDAR_CTRL>2</CALENDAR_CTRL>
            <DEMAND_RESET_FLAG>false</DEMAND_RESET_FLAG>
            <SELF_READ_FLAG>false</SELF_READ_FLAG>
            <FILLER>0</FILLER>
          </CALENDAR_ACTION>
        </entry>
        <entry index="28">
          <NON_RECURR_DATE>2012-03-11</NON_RECURR_DATE>
          <CALENDAR_ACTION>
            <CALENDAR_CTRL>1</CALENDAR_CTRL>
            <DEMAND_RESET_FLAG>false</DEMAND_RESET_FLAG>
            <SELF_READ_FLAG>false</SELF_READ_FLAG>
            <FILLER>0</FILLER>
          </CALENDAR_ACTION>
        </entry>
        <entry index="29">
          <NON_RECURR_DATE>2012-11-04</NON_RECURR_DATE>
          <CALENDAR_ACTION>
            <CALENDAR_CTRL>2</CALENDAR_CTRL>
            <DEMAND_RESET_FLAG>false</DEMAND_RESET_FLAG>
            <SELF_READ_FLAG>false</SELF_READ_FLAG>
            <FILLER>0</FILLER>
          </CALENDAR_ACTION>
        </entry>
        <entry index="30">
          <NON_RECURR_DATE>2013-03-10</NON_RECURR_DATE>
          <CALENDAR_ACTION>
            <CALENDAR_CTRL>1</CALENDAR_CTRL>
            <DEMAND_RESET_FLAG>false</DEMAND_RESET_FLAG>
            <SELF_READ_FLAG>false</SELF_READ_FLAG>
            <FILLER>0</FILLER>
          </CALENDAR_ACTION>
        </entry>
        <entry index="31">
          <NON_RECURR_DATE>2013-11-03</NON_RECURR_DATE>
          <CALENDAR_ACTION>
            <CALENDAR_CTRL>2</CALENDAR_CTRL>
            <DEMAND_RESET_FLAG>false</DEMAND_RESET_FLAG>
            <SELF_READ_FLAG>false</SELF_READ_FLAG>
            <FILLER>0</FILLER>
          </CALENDAR_ACTION>
        </entry>
        <entry index="32">
          <NON_RECURR_DATE>2014-03-09</NON_RECURR_DATE>
          <CALENDAR_ACTION>
            <CALENDAR_CTRL>1</CALENDAR_CTRL>
            <DEMAND_RESET_FLAG>false</DEMAND_RESET_FLAG>
            <SELF_READ_FLAG>false</SELF_READ_FLAG>
            <FILLER>0</FILLER>
          </CALENDAR_ACTION>
        </entry>
        <entry index="33">
          <NON_RECURR_DATE>2014-11-02</NON_RECURR_DATE>
          <CALENDAR_ACTION>
            <CALENDAR_CTRL>2</CALENDAR_CTRL>
            <DEMAND_RESET_FLAG>false</DEMAND_RESET_FLAG>
            <SELF_READ_FLAG>false</SELF_READ_FLAG>
            <FILLER>0</FILLER>
          </CALENDAR_ACTION>
        </entry>
        <entry index="34">
          <NON_RECURR_DATE>2015-03-08</NON_RECURR_DATE>
          <CALENDAR_ACTION>
            <CALENDAR_CTRL>1</CALENDAR_CTRL>
            <DEMAND_RESET_FLAG>false</DEMAND_RESET_FLAG>
            <SELF_READ_FLAG>false</SELF_READ_FLAG>
            <FILLER>0</FILLER>
          </CALENDAR_ACTION>
        </entry>
        <entry index="35">
          <NON_RECURR_DATE>2015-11-01</NON_RECURR_DATE>
          <CALENDAR_ACTION>
            <CALENDAR_CTRL>2</CALENDAR_CTRL>
            <DEMAND_RESET_FLAG>false</DEMAND_RESET_FLAG>
            <SELF_READ_FLAG>false</SELF_READ_FLAG>
            <FILLER>0</FILLER>
          </CALENDAR_ACTION>
        </entry>
        <entry index="36">
          <NON_RECURR_DATE>2016-03-13</NON_RECURR_DATE>
          <CALENDAR_ACTION>
            <CALENDAR_CTRL>1</CALENDAR_CTRL>
            <DEMAND_RESET_FLAG>false</DEMAND_RESET_FLAG>
            <SELF_READ_FLAG>false</SELF_READ_FLAG>
            <FILLER>0</FILLER>
          </CALENDAR_ACTION>
        </entry>
        <entry index="37">
          <NON_RECURR_DATE>2016-11-06</NON_RECURR_DATE>
          <CALENDAR_ACTION>
            <CALENDAR_CTRL>2</CALENDAR_CTRL>
            <DEMAND_RESET_FLAG>false</DEMAND_RESET_FLAG>
            <SELF_READ_FLAG>false</SELF_READ_FLAG>
            <FILLER>0</FILLER>
          </CALENDAR_ACTION>
        </entry>
        <entry index="38">
          <NON_RECURR_DATE>2017-03-12</NON_RECURR_DATE>
          <CALENDAR_ACTION>
            <CALENDAR_CTRL>1</CALENDAR_CTRL>
            <DEMAND_RESET_FLAG>false</DEMAND_RESET_FLAG>
            <SELF_READ_FLAG>false</SELF_READ_FLAG>
            <FILLER>0</FILLER>
          </CALENDAR_ACTION>
        </entry>
        <entry index="39">
          <NON_RECURR_DATE>2017-11-05</NON_RECURR_DATE>
          <CALENDAR_ACTION>
            <CALENDAR_CTRL>2</CALENDAR_CTRL>
            <DEMAND_RESET_FLAG>false</DEMAND_RESET_FLAG>
            <SELF_READ_FLAG>false</SELF_READ_FLAG>
            <FILLER>0</FILLER>
          </CALENDAR_ACTION>
        </entry>
      </NON_RECURR_DATES>
      <RECURR_DATES>
        <entry index="0">
          <RECURR_DATE>57346</RECURR_DATE>
          <CALENDAR_ACTION>
            <CALENDAR_CTRL>4</CALENDAR_CTRL>
            <DEMAND_RESET_FLAG>false</DEMAND_RESET_FLAG>
            <SELF_READ_FLAG>false</SELF_READ_FLAG>
            <FILLER>0</FILLER>
          </CALENDAR_ACTION>
        </entry>
        <entry index="1">
          <RECURR_DATE>43014</RECURR_DATE>
          <CALENDAR_ACTION>
            <CALENDAR_CTRL>5</CALENDAR_CTRL>
            <DEMAND_RESET_FLAG>false</DEMAND_RESET_FLAG>
            <SELF_READ_FLAG>false</SELF_READ_FLAG>
            <FILLER>0</FILLER>
          </CALENDAR_ACTION>
        </entry>
        <entry index="2">
          <RECURR_DATE>43017</RECURR_DATE>
          <CALENDAR_ACTION>
            <CALENDAR_CTRL>6</CALENDAR_CTRL>
            <DEMAND_RESET_FLAG>false</DEMAND_RESET_FLAG>
            <SELF_READ_FLAG>false</SELF_READ_FLAG>
            <FILLER>0</FILLER>
          </CALENDAR_ACTION>
        </entry>
        <entry index="3">
          <RECURR_DATE>43020</RECURR_DATE>
          <CALENDAR_ACTION>
            <CALENDAR_CTRL>3</CALENDAR_CTRL>
            <DEMAND_RESET_FLAG>false</DEMAND_RESET_FLAG>
            <SELF_READ_FLAG>false</SELF_READ_FLAG>
            <FILLER>0</FILLER>
          </CALENDAR_ACTION>
        </entry>
      </RECURR_DATES>
      <TIER_SWITCHES>
        <entry index="0">
          <TIER_SWITCH>
            <NEW_TIER>0</NEW_TIER>
            <SWITCH_MIN>0</SWITCH_MIN>
            <SWITCH_HOUR>0</SWITCH_HOUR>
            <FILLER>0</FILLER>
          </TIER_SWITCH>
          <DAY_SCH_NUM>0</DAY_SCH_NUM>
        </entry>
        <entry index="1">
          <TIER_SWITCH>
            <NEW_TIER>0</NEW_TIER>
            <SWITCH_MIN>0</SWITCH_MIN>
            <SWITCH_HOUR>0</SWITCH_HOUR>
            <FILLER>0</FILLER>
          </TIER_SWITCH>
          <DAY_SCH_NUM>1</DAY_SCH_NUM>
        </entry>
        <entry index="2">
          <TIER_SWITCH>
            <NEW_TIER>1</NEW_TIER>
            <SWITCH_MIN>0</SWITCH_MIN>
            <SWITCH_HOUR>12</SWITCH_HOUR>
            <FILLER>0</FILLER>
          </TIER_SWITCH>
          <DAY_SCH_NUM>1</DAY_SCH_NUM>
        </entry>
        <entry index="3">
          <TIER_SWITCH>
            <NEW_TIER>2</NEW_TIER>
            <SWITCH_MIN>15</SWITCH_MIN>
            <SWITCH_HOUR>12</SWITCH_HOUR>
            <FILLER>0</FILLER>
          </TIER_SWITCH>
          <DAY_SCH_NUM>1</DAY_SCH_NUM>
        </entry>
        <entry index="4">
          <TIER_SWITCH>
            <NEW_TIER>3</NEW_TIER>
            <SWITCH_MIN>30</SWITCH_MIN>
            <SWITCH_HOUR>12</SWITCH_HOUR>
            <FILLER>0</FILLER>
          </TIER_SWITCH>
          <DAY_SCH_NUM>1</DAY_SCH_NUM>
        </entry>
        <entry index="5">
          <TIER_SWITCH>
            <NEW_TIER>0</NEW_TIER>
            <SWITCH_MIN>45</SWITCH_MIN>
            <SWITCH_HOUR>12</SWITCH_HOUR>
            <FILLER>0</FILLER>
          </TIER_SWITCH>
          <DAY_SCH_NUM>1</DAY_SCH_NUM>
        </entry>
        <entry index="6">
          <TIER_SWITCH>
            <NEW_TIER>1</NEW_TIER>
            <SWITCH_MIN>0</SWITCH_MIN>
            <SWITCH_HOUR>13</SWITCH_HOUR>
            <FILLER>0</FILLER>
          </TIER_SWITCH>
          <DAY_SCH_NUM>1</DAY_SCH_NUM>
        </entry>
        <entry index="7">
          <TIER_SWITCH>
            <NEW_TIER>1</NEW_TIER>
            <SWITCH_MIN>0</SWITCH_MIN>
            <SWITCH_HOUR>0</SWITCH_HOUR>
            <FILLER>0</FILLER>
          </TIER_SWITCH>
          <DAY_SCH_NUM>2</DAY_SCH_NUM>
        </entry>
        <entry index="8">
          <TIER_SWITCH>
            <NEW_TIER>2</NEW_TIER>
            <SWITCH_MIN>0</SWITCH_MIN>
            <SWITCH_HOUR>12</SWITCH_HOUR>
            <FILLER>0</FILLER>
          </TIER_SWITCH>
          <DAY_SCH_NUM>2</DAY_SCH_NUM>
        </entry>
        <entry index="9">
          <TIER_SWITCH>
            <NEW_TIER>3</NEW_TIER>
            <SWITCH_MIN>15</SWITCH_MIN>
            <SWITCH_HOUR>12</SWITCH_HOUR>
            <FILLER>0</FILLER>
          </TIER_SWITCH>
          <DAY_SCH_NUM>2</DAY_SCH_NUM>
        </entry>
        <entry index="10">
          <TIER_SWITCH>
            <NEW_TIER>0</NEW_TIER>
            <SWITCH_MIN>30</SWITCH_MIN>
            <SWITCH_HOUR>12</SWITCH_HOUR>
            <FILLER>0</FILLER>
          </TIER_SWITCH>
          <DAY_SCH_NUM>2</DAY_SCH_NUM>
        </entry>
        <entry index="11">
          <TIER_SWITCH>
            <NEW_TIER>1</NEW_TIER>
            <SWITCH_MIN>45</SWITCH_MIN>
            <SWITCH_HOUR>12</SWITCH_HOUR>
            <FILLER>0</FILLER>
          </TIER_SWITCH>
          <DAY_SCH_NUM>2</DAY_SCH_NUM>
        </entry>
        <entry index="12">
          <TIER_SWITCH>
            <NEW_TIER>2</NEW_TIER>
            <SWITCH_MIN>0</SWITCH_MIN>
            <SWITCH_HOUR>13</SWITCH_HOUR>
            <FILLER>0</FILLER>
          </TIER_SWITCH>
          <DAY_SCH_NUM>2</DAY_SCH_NUM>
        </entry>
        <entry index="13">
          <TIER_SWITCH>
            <NEW_TIER>2</NEW_TIER>
            <SWITCH_MIN>0</SWITCH_MIN>
            <SWITCH_HOUR>0</SWITCH_HOUR>
            <FILLER>0</FILLER>
          </TIER_SWITCH>
          <DAY_SCH_NUM>3</DAY_SCH_NUM>
        </entry>
        <entry index="14">
          <TIER_SWITCH>
            <NEW_TIER>3</NEW_TIER>
            <SWITCH_MIN>0</SWITCH_MIN>
            <SWITCH_HOUR>12</SWITCH_HOUR>
            <FILLER>0</FILLER>
          </TIER_SWITCH>
          <DAY_SCH_NUM>3</DAY_SCH_NUM>
        </entry>
        <entry index="15">
          <TIER_SWITCH>
            <NEW_TIER>0</NEW_TIER>
            <SWITCH_MIN>15</SWITCH_MIN>
            <SWITCH_HOUR>12</SWITCH_HOUR>
            <FILLER>0</FILLER>
          </TIER_SWITCH>
          <DAY_SCH_NUM>3</DAY_SCH_NUM>
        </entry>
        <entry index="16">
          <TIER_SWITCH>
            <NEW_TIER>1</NEW_TIER>
            <SWITCH_MIN>30</SWITCH_MIN>
            <SWITCH_HOUR>12</SWITCH_HOUR>
            <FILLER>0</FILLER>
          </TIER_SWITCH>
          <DAY_SCH_NUM>3</DAY_SCH_NUM>
        </entry>
        <entry index="17">
          <TIER_SWITCH>
            <NEW_TIER>2</NEW_TIER>
            <SWITCH_MIN>45</SWITCH_MIN>
            <SWITCH_HOUR>12</SWITCH_HOUR>
            <FILLER>0</FILLER>
          </TIER_SWITCH>
          <DAY_SCH_NUM>3</DAY_SCH_NUM>
        </entry>
        <entry index="18">
          <TIER_SWITCH>
            <NEW_TIER>3</NEW_TIER>
            <SWITCH_MIN>0</SWITCH_MIN>
            <SWITCH_HOUR>13</SWITCH_HOUR>
            <FILLER>0</FILLER>
          </TIER_SWITCH>
          <DAY_SCH_NUM>3</DAY_SCH_NUM>
        </entry>
        <entry index="19">
          <TIER_SWITCH>
            <NEW_TIER>3</NEW_TIER>
            <SWITCH_MIN>0</SWITCH_MIN>
            <SWITCH_HOUR>0</SWITCH_HOUR>
            <FILLER>0</FILLER>
          </TIER_SWITCH>
          <DAY_SCH_NUM>4</DAY_SCH_NUM>
        </entry>
        <entry index="20">
          <TIER_SWITCH>
            <NEW_TIER>0</NEW_TIER>
            <SWITCH_MIN>0</SWITCH_MIN>
            <SWITCH_HOUR>12</SWITCH_HOUR>
            <FILLER>0</FILLER>
          </TIER_SWITCH>
          <DAY_SCH_NUM>4</DAY_SCH_NUM>
        </entry>
        <entry index="21">
          <TIER_SWITCH>
            <NEW_TIER>1</NEW_TIER>
            <SWITCH_MIN>15</SWITCH_MIN>
            <SWITCH_HOUR>12</SWITCH_HOUR>
            <FILLER>0</FILLER>
          </TIER_SWITCH>
          <DAY_SCH_NUM>4</DAY_SCH_NUM>
        </entry>
        <entry index="22">
          <TIER_SWITCH>
            <NEW_TIER>2</NEW_TIER>
            <SWITCH_MIN>30</SWITCH_MIN>
            <SWITCH_HOUR>12</SWITCH_HOUR>
            <FILLER>0</FILLER>
          </TIER_SWITCH>
          <DAY_SCH_NUM>4</DAY_SCH_NUM>
        </entry>
        <entry index="23">
          <TIER_SWITCH>
            <NEW_TIER>3</NEW_TIER>
            <SWITCH_MIN>45</SWITCH_MIN>
            <SWITCH_HOUR>12</SWITCH_HOUR>
            <FILLER>0</FILLER>
          </TIER_SWITCH>
          <DAY_SCH_NUM>4</DAY_SCH_NUM>
        </entry>
        <entry index="24">
          <TIER_SWITCH>
            <NEW_TIER>0</NEW_TIER>
            <SWITCH_MIN>0</SWITCH_MIN>
            <SWITCH_HOUR>13</SWITCH_HOUR>
            <FILLER>0</FILLER>
          </TIER_SWITCH>
          <DAY_SCH_NUM>4</DAY_SCH_NUM>
        </entry>
      </TIER_SWITCHES>
      <DAILY_SCHEDULE_ID_MATRIX>
        <entry index="0">
          <SATURDAY_SCHEDULE>3</SATURDAY_SCHEDULE>
          <SUNDAY_SCHEDULE>2</SUNDAY_SCHEDULE>
          <WEEKDAY_SCHEDULE>1</WEEKDAY_SCHEDULE>
          <SPECIAL_SCHEDULE>
            <entry index="0">4</entry>
          </SPECIAL_SCHEDULE>
        </entry>
        <entry index="1">
          <SATURDAY_SCHEDULE>1</SATURDAY_SCHEDULE>
          <SUNDAY_SCHEDULE>3</SUNDAY_SCHEDULE>
          <WEEKDAY_SCHEDULE>4</WEEKDAY_SCHEDULE>
          <SPECIAL_SCHEDULE>
            <entry index="0">2</entry>
          </SPECIAL_SCHEDULE>
        </entry>
        <entry index="2">
          <SATURDAY_SCHEDULE>4</SATURDAY_SCHEDULE>
          <SUNDAY_SCHEDULE>1</SUNDAY_SCHEDULE>
          <WEEKDAY_SCHEDULE>2</WEEKDAY_SCHEDULE>
          <SPECIAL_SCHEDULE>
            <entry index="0">3</entry>
          </SPECIAL_SCHEDULE>
        </entry>
        <entry index="3">
          <SATURDAY_SCHEDULE>2</SATURDAY_SCHEDULE>
          <SUNDAY_SCHEDULE>4</SUNDAY_SCHEDULE>
          <WEEKDAY_SCHEDULE>3</WEEKDAY_SCHEDULE>
          <SPECIAL_SCHEDULE>
            <entry index="0">1</entry>
          </SPECIAL_SCHEDULE>
        </entry>
      </DAILY_SCHEDULE_ID_MATRIX>
    </CALENDAR_TBL>
    <DIM_NETWORK_TBL>
      <NBR_EXCEPTION_EVENTS>32</NBR_EXCEPTION_EVENTS>
    </DIM_NETWORK_TBL>
    <ACT_NETWORK_TBL>
      <NBR_EXCEPTION_HOSTS>1</NBR_EXCEPTION_HOSTS>
      <NBR_EXCEPTION_EVENTS>16</NBR_EXCEPTION_EVENTS>
    </ACT_NETWORK_TBL>
    <EXCEPTION_REPORT_TBL>
      <EXCEPTION_REPORT>
        <entry index="0">
          <EVENT_REPORTED>
            <entry index="0">
              <TBL_PROC_NBR>37</TBL_PROC_NBR>
              <STD_VS_MFG_FLAG>false</STD_VS_MFG_FLAG>
              <SELECTOR>0</SELECTOR>
            </entry>
            <entry index="1">
              <TBL_PROC_NBR>20</TBL_PROC_NBR>
              <STD_VS_MFG_FLAG>false</STD_VS_MFG_FLAG>
              <SELECTOR>0</SELECTOR>
            </entry>
            <entry index="2">
              <TBL_PROC_NBR>141</TBL_PROC_NBR>
              <STD_VS_MFG_FLAG>true</STD_VS_MFG_FLAG>
              <SELECTOR>0</SELECTOR>
            </entry>
            <entry index="3">
              <TBL_PROC_NBR>62</TBL_PROC_NBR>
              <STD_VS_MFG_FLAG>true</STD_VS_MFG_FLAG>
              <SELECTOR>0</SELECTOR>
            </entry>
            <entry index="4">
              <TBL_PROC_NBR>165</TBL_PROC_NBR>
              <STD_VS_MFG_FLAG>true</STD_VS_MFG_FLAG>
              <SELECTOR>0</SELECTOR>
            </entry>
            <entry index="5">
              <TBL_PROC_NBR>231</TBL_PROC_NBR>
              <STD_VS_MFG_FLAG>true</STD_VS_MFG_FLAG>
              <SELECTOR>0</SELECTOR>
            </entry>
            <entry index="6">
              <TBL_PROC_NBR>232</TBL_PROC_NBR>
              <STD_VS_MFG_FLAG>true</STD_VS_MFG_FLAG>
              <SELECTOR>0</SELECTOR>
            </entry>
            <entry index="7">
              <TBL_PROC_NBR>2</TBL_PROC_NBR>
              <STD_VS_MFG_FLAG>false</STD_VS_MFG_FLAG>
              <SELECTOR>0</SELECTOR>
            </entry>
            <entry index="8">
              <TBL_PROC_NBR>63</TBL_PROC_NBR>
              <STD_VS_MFG_FLAG>true</STD_VS_MFG_FLAG>
              <SELECTOR>0</SELECTOR>
            </entry>
            <entry index="9">
              <TBL_PROC_NBR>48</TBL_PROC_NBR>
              <STD_VS_MFG_FLAG>false</STD_VS_MFG_FLAG>
              <SELECTOR>0</SELECTOR>
            </entry>
            <entry index="10">
              <TBL_PROC_NBR>240</TBL_PROC_NBR>
              <STD_VS_MFG_FLAG>true</STD_VS_MFG_FLAG>
              <SELECTOR>0</SELECTOR>
            </entry>
            <entry index="11">
              <TBL_PROC_NBR>249</TBL_PROC_NBR>
              <STD_VS_MFG_FLAG>true</STD_VS_MFG_FLAG>
              <SELECTOR>0</SELECTOR>
            </entry>
            <entry index="12">
              <TBL_PROC_NBR>248</TBL_PROC_NBR>
              <STD_VS_MFG_FLAG>true</STD_VS_MFG_FLAG>
              <SELECTOR>0</SELECTOR>
            </entry>
            <entry index="13">
              <TBL_PROC_NBR>247</TBL_PROC_NBR>
              <STD_VS_MFG_FLAG>true</STD_VS_MFG_FLAG>
              <SELECTOR>0</SELECTOR>
            </entry>
            <entry index="14">
              <TBL_PROC_NBR>246</TBL_PROC_NBR>
              <STD_VS_MFG_FLAG>true</STD_VS_MFG_FLAG>
              <SELECTOR>0</SELECTOR>
            </entry>
            <entry index="15">
              <TBL_PROC_NBR>131</TBL_PROC_NBR>
              <STD_VS_MFG_FLAG>true</STD_VS_MFG_FLAG>
              <SELECTOR>0</SELECTOR>
            </entry>
          </EVENT_REPORTED>
        </entry>
      </EXCEPTION_REPORT>
    </EXCEPTION_REPORT_TBL>
    <MFG_CONFIGURATION_TBL>
      <DATA_SIZE>7285</DATA_SIZE>
      <RECORD_OFFSETS>
        <entry index="0">72</entry>
        <entry index="1">84</entry>
        <entry index="2">158</entry>
        <entry index="3">166</entry>
        <entry index="4">262</entry>
        <entry index="5">1076</entry>
        <entry index="6">1110</entry>
        <entry index="7">1136</entry>
        <entry index="8">0</entry>
        <entry index="9">1162</entry>
        <entry index="10">1216</entry>
        <entry index="11">1218</entry>
        <entry index="12">1224</entry>
        <entry index="13">1262</entry>
        <entry index="14">3493</entry>
        <entry index="15-16">0</entry>
        <entry index="17">5157</entry>
        <entry index="18-20">0</entry>
        <entry index="21">5519</entry>
        <entry index="22-23">0</entry>
        <entry index="24">6135</entry>
        <entry index="25">6493</entry>
        <entry index="26-30">0</entry>
      </RECORD_OFFSETS>
      <COEFFICIENTS>
        <CT_MULTIPLIER>1</CT_MULTIPLIER>
        <VT_MULTIPLIER>5</VT_MULTIPLIER>
        <REGISTER_MULTIPLIER>1</REGISTER_MULTIPLIER>
      </COEFFICIENTS>
      <CONSTANTS>
        <PROGRAM_ID>10</PROGRAM_ID>
        <USER_DEFINED_FIELDS>
          <entry index="0" />
          <entry index="1" />
          <entry index="2" />
        </USER_DEFINED_FIELDS>
        <PRIM_SEC_METER>1</PRIM_SEC_METER>
        <CLOCK_SYNC>1</CLOCK_SYNC>
        <INTERNAL_BAUD_RATE>9600</INTERNAL_BAUD_RATE>
        <TIME_ZONE_OFFSET>-300</TIME_ZONE_OFFSET>
      </CONSTANTS>
      <ENERGY>
        <ENERGY_LID>
          <entry index="0">1</entry>
          <entry index="1">2</entry>
          <entry index="2">36</entry>
          <entry index="3">39</entry>
          <entry index="4">9</entry>
          <entry index="5">10</entry>
          <entry index="6-7">0</entry>
        </ENERGY_LID>
      </ENERGY>
      <DEMAND>
        <DEMAND_CONTROL>1</DEMAND_CONTROL>
        <NUM_SUB_INTERVALS>15</NUM_SUB_INTERVALS>
        <INTERVAL_LENGTH>15</INTERVAL_LENGTH>
        <NUM_TEST_MODE_SUB_INTERVALS>1</NUM_TEST_MODE_SUB_INTERVALS>
        <TEST_MODE_INTERVAL_LENGTH>15</TEST_MODE_INTERVAL_LENGTH>
        <SCHEDULING_CONTROL>0</SCHEDULING_CONTROL>
        <DR_SCHEDULED_HOUR>0</DR_SCHEDULED_HOUR>
        <DR_SCHEDULED_MINUTE>0</DR_SCHEDULED_MINUTE>
        <DR_SCHEDULED_DAY>0</DR_SCHEDULED_DAY>
        <DEFINITION>
          <entry index="0">469778561</entry>
          <entry index="1">469942658</entry>
          <entry index="2">469942692</entry>
          <entry index="3">469942695</entry>
          <entry index="4">469942665</entry>
          <entry index="5">469942666</entry>
          <entry index="6-11">469778560</entry>
        </DEFINITION>
        <THRESHOLD>
          <entry index="0-3">
            <SOURCE>469778560</SOURCE>
            <LEVEL>1</LEVEL>
          </entry>
        </THRESHOLD>
        <REGISTER_FULL_SCALE>7200</REGISTER_FULL_SCALE>
        <OUTAGE_LENGTH_BEFORE_CLPU>30</OUTAGE_LENGTH_BEFORE_CLPU>
        <COLD_LOAD_PICKUP>0</COLD_LOAD_PICKUP>
      </DEMAND>
      <DISPLAY>
        <ITEM_DISPLAY_TIME>20</ITEM_DISPLAY_TIME>
        <NORMAL_LIST_START>0</NORMAL_LIST_START>
        <NORMAL_LIST_END>4</NORMAL_LIST_END>
        <ALTERNATE_LIST_START>5</ALTERNATE_LIST_START>
        <ALTERNATE_LIST_END>7</ALTERNATE_LIST_END>
        <TEST_LIST_START>8</TEST_LIST_START>
        <TEST_LIST_END>10</TEST_LIST_END>
        <DISPLAY_CONTROL>
          <ENABLE_PHASE_INDICATORS>false</ENABLE_PHASE_INDICATORS>
          <BLINK_MISSING_PHASES>false</BLINK_MISSING_PHASES>
          <PHASE_A_VOLTAGE_DISPLAYS>false</PHASE_A_VOLTAGE_DISPLAYS>
          <DISPLAY_EOI>false</DISPLAY_EOI>
          <WATT_LOAD_INDICATOR>false</WATT_LOAD_INDICATOR>
          <VAR_LOAD_INDICATOR>false</VAR_LOAD_INDICATOR>
          <ONE_PASS_THRU_TOOLBOX_ON_POWERUP>false</ONE_PASS_THRU_TOOLBOX_ON_POWERUP>
          <REMOTE_DISCONNECT_MESSAGE_FLAG>false</REMOTE_DISCONNECT_MESSAGE_FLAG>
        </DISPLAY_CONTROL>
        <SCROLL_NON_FATAL_1>
          <LOW_BATTERY>false</LOW_BATTERY>
          <LOSS_OF_PHASE>false</LOSS_OF_PHASE>
          <TOU_SCHEDULE_ERROR>false</TOU_SCHEDULE_ERROR>
          <REVERSE_POWER_FLOW>false</REVERSE_POWER_FLOW>
          <MASS_MEMORY>false</MASS_MEMORY>
          <REGISTER_FULL_SCALE>false</REGISTER_FULL_SCALE>
          <RESERVED>0</RESERVED>
          <MET_COMM>false</MET_COMM>
        </SCROLL_NON_FATAL_1>
        <LOCK_NON_FATAL_1>
          <LOW_BATTERY>false</LOW_BATTERY>
          <LOSS_OF_PHASE>false</LOSS_OF_PHASE>
          <TOU_SCHEDULE_ERROR>false</TOU_SCHEDULE_ERROR>
          <REVERSE_POWER_FLOW>false</REVERSE_POWER_FLOW>
          <MASS_MEMORY>false</MASS_MEMORY>
          <REGISTER_FULL_SCALE>false</REGISTER_FULL_SCALE>
          <RESERVED>0</RESERVED>
          <MET_COMM>false</MET_COMM>
        </LOCK_NON_FATAL_1>
        <SCROLL_NON_FATAL_2>
          <RESERVED>0</RESERVED>
          <SITESCAN_ERROR>false</SITESCAN_ERROR>
          <FILLER>0</FILLER>
        </SCROLL_NON_FATAL_2>
        <LOCK_NON_FATAL_2>
          <RESERVED>0</RESERVED>
          <SITESCAN_ERROR>false</SITESCAN_ERROR>
          <FILLER>0</FILLER>
        </LOCK_NON_FATAL_2>
        <SCROLL_DIAGNOSTIC>
          <POLARITY>false</POLARITY>
          <PHASE_VOLTAGE_DEVIATION>false</PHASE_VOLTAGE_DEVIATION>
          <INACTIVE_PHASE_CURRENT>false</INACTIVE_PHASE_CURRENT>
          <PHASE_ANGLE_DEVIATION>false</PHASE_ANGLE_DEVIATION>
          <CURRENT_WAVEFORM_DISTORTION>false</CURRENT_WAVEFORM_DISTORTION>
          <FILLER>0</FILLER>
        </SCROLL_DIAGNOSTIC>
        <LOCK_DIAGNOSTIC>
          <POLARITY>false</POLARITY>
          <PHASE_VOLTAGE_DEVIATION>false</PHASE_VOLTAGE_DEVIATION>
          <INACTIVE_PHASE_CURRENT>false</INACTIVE_PHASE_CURRENT>
          <PHASE_ANGLE_DEVIATION>false</PHASE_ANGLE_DEVIATION>
          <CURRENT_WAVEFORM_DISTORTION>false</CURRENT_WAVEFORM_DISTORTION>
          <FILLER>0</FILLER>
        </LOCK_DIAGNOSTIC>
        <ITEMS>
          <entry index="0">
            <LID>1811939329</LID>
            <USERID />
            <FORMAT>
              <TYPE>12</TYPE>
              <UNITS>0</UNITS>
              <DEMAND_TYPE>0</DEMAND_TYPE>
              <RATE>0</RATE>
              <ROUND>false</ROUND>
            </FORMAT>
            <DIMENSION>
              <DECIMAL_PLACES>0</DECIMAL_PLACES>
              <TOTAL_DIGITS>6</TOTAL_DIGITS>
            </DIMENSION>
          </entry>
          <entry index="1">
            <LID>1811939328</LID>
            <USERID />
            <FORMAT>
              <TYPE>11</TYPE>
              <UNITS>0</UNITS>
              <DEMAND_TYPE>0</DEMAND_TYPE>
              <RATE>0</RATE>
              <ROUND>false</ROUND>
            </FORMAT>
            <DIMENSION>
              <DECIMAL_PLACES>0</DECIMAL_PLACES>
              <TOTAL_DIGITS>6</TOTAL_DIGITS>
            </DIMENSION>
          </entry>
          <entry index="2">
            <LID>1811939335</LID>
            <USERID />
            <FORMAT>
              <TYPE>0</TYPE>
              <UNITS>0</UNITS>
              <DEMAND_TYPE>0</DEMAND_TYPE>
              <RATE>0</RATE>
              <ROUND>false</ROUND>
            </FORMAT>
            <DIMENSION>
              <DECIMAL_PLACES>0</DECIMAL_PLACES>
              <TOTAL_DIGITS>6</TOTAL_DIGITS>
            </DIMENSION>
          </entry>
          <entry index="3">
            <LID>2483027976</LID>
            <USERID />
            <FORMAT>
              <TYPE>7</TYPE>
              <UNITS>0</UNITS>
              <DEMAND_TYPE>0</DEMAND_TYPE>
              <RATE>0</RATE>
              <ROUND>false</ROUND>
            </FORMAT>
            <DIMENSION>
              <DECIMAL_PLACES>0</DECIMAL_PLACES>
              <TOTAL_DIGITS>6</TOTAL_DIGITS>
            </DIMENSION>
          </entry>
          <entry index="4">
            <LID>134217732</LID>
            <USERID />
            <FORMAT>
              <TYPE>0</TYPE>
              <UNITS>0</UNITS>
              <DEMAND_TYPE>0</DEMAND_TYPE>
              <RATE>0</RATE>
              <ROUND>false</ROUND>
            </FORMAT>
            <DIMENSION>
              <DECIMAL_PLACES>0</DECIMAL_PLACES>
              <TOTAL_DIGITS>6</TOTAL_DIGITS>
            </DIMENSION>
          </entry>
          <entry index="5">
            <LID>1811939329</LID>
            <USERID />
            <FORMAT>
              <TYPE>12</TYPE>
              <UNITS>0</UNITS>
              <DEMAND_TYPE>0</DEMAND_TYPE>
              <RATE>0</RATE>
              <ROUND>false</ROUND>
            </FORMAT>
            <DIMENSION>
              <DECIMAL_PLACES>0</DECIMAL_PLACES>
              <TOTAL_DIGITS>6</TOTAL_DIGITS>
            </DIMENSION>
          </entry>
          <entry index="6">
            <LID>1811939330</LID>
            <USERID />
            <FORMAT>
              <TYPE>0</TYPE>
              <UNITS>0</UNITS>
              <DEMAND_TYPE>0</DEMAND_TYPE>
              <RATE>0</RATE>
              <ROUND>false</ROUND>
            </FORMAT>
            <DIMENSION>
              <DECIMAL_PLACES>0</DECIMAL_PLACES>
              <TOTAL_DIGITS>6</TOTAL_DIGITS>
            </DIMENSION>
          </entry>
          <entry index="7">
            <LID>1006632973</LID>
            <USERID />
            <FORMAT>
              <TYPE>0</TYPE>
              <UNITS>0</UNITS>
              <DEMAND_TYPE>0</DEMAND_TYPE>
              <RATE>0</RATE>
              <ROUND>false</ROUND>
            </FORMAT>
            <DIMENSION>
              <DECIMAL_PLACES>0</DECIMAL_PLACES>
              <TOTAL_DIGITS>6</TOTAL_DIGITS>
            </DIMENSION>
          </entry>
          <entry index="8">
            <LID>1811939329</LID>
            <USERID />
            <FORMAT>
              <TYPE>12</TYPE>
              <UNITS>0</UNITS>
              <DEMAND_TYPE>0</DEMAND_TYPE>
              <RATE>0</RATE>
              <ROUND>false</ROUND>
            </FORMAT>
            <DIMENSION>
              <DECIMAL_PLACES>0</DECIMAL_PLACES>
              <TOTAL_DIGITS>6</TOTAL_DIGITS>
            </DIMENSION>
          </entry>
          <entry index="9">
            <LID>1811939328</LID>
            <USERID />
            <FORMAT>
              <TYPE>11</TYPE>
              <UNITS>0</UNITS>
              <DEMAND_TYPE>0</DEMAND_TYPE>
              <RATE>0</RATE>
              <ROUND>false</ROUND>
            </FORMAT>
            <DIMENSION>
              <DECIMAL_PLACES>0</DECIMAL_PLACES>
              <TOTAL_DIGITS>6</TOTAL_DIGITS>
            </DIMENSION>
          </entry>
          <entry index="10">
            <LID>2348810240</LID>
            <USERID />
            <FORMAT>
              <TYPE>12</TYPE>
              <UNITS>0</UNITS>
              <DEMAND_TYPE>0</DEMAND_TYPE>
              <RATE>0</RATE>
              <ROUND>false</ROUND>
            </FORMAT>
            <DIMENSION>
              <DECIMAL_PLACES>0</DECIMAL_PLACES>
              <TOTAL_DIGITS>6</TOTAL_DIGITS>
            </DIMENSION>
          </entry>
        </ITEMS>
      </DISPLAY>
      <HISTORY_LOG>
        <HISTORY_LOG_EVENTS>
          <entry index="1-4,6-10,12-17,20-21,24-26,28-29,32-33,36-37,39,41-42,44,46,48,61-63,66-67,121,126,134-137,141,161,165-167,169,172,175-179,184-189,192,230-232,246-250">true</entry>
          <entry index="0,5,11,18-19,22-23,27,30-31,34-35,38,40,43,45,47,49-60,64-65,68-120,122-125,127-133,138-140,142-160,162-164,168,170-171,173-174,180-183,190-191,193-229,233-245,251-255">false</entry>
        </HISTORY_LOG_EVENTS>
        <LOG_TYPE>1</LOG_TYPE>
        <FILLER>0</FILLER>
      </HISTORY_LOG>
      <STATE_MONITOR>
        <REVERSE_POWER_THRESHOLD>1</REVERSE_POWER_THRESHOLD>
      </STATE_MONITOR>
      <LOAD_PROFILE>
        <INTERVAL_LENGTH>15</INTERVAL_LENGTH>
        <NBR_CHANNELS>6</NBR_CHANNELS>
        <LID>
          <entry index="0">335544449</entry>
          <entry index="1">335544450</entry>
          <entry index="2">335544484</entry>
          <entry index="3">335544487</entry>
          <entry index="4">335544457</entry>
          <entry index="5">335544458</entry>
          <entry index="6-7">335544448</entry>
        </LID>
        <PULSE_WEIGHT>
          <entry index="0">100</entry>
          <entry index="1">150</entry>
          <entry index="2">200</entry>
          <entry index="3">250</entry>
          <entry index="4">300</entry>
          <entry index="5">350</entry>
          <entry index="6-7">100</entry>
        </PULSE_WEIGHT>
        <MIN_POWER_OUTAGE>60</MIN_POWER_OUTAGE>
        <MEMORY_SIZE>144</MEMORY_SIZE>
        <LP_DATA_TYPE>0</LP_DATA_TYPE>
        <FILLER>0</FILLER>
      </LOAD_PROFILE>
      <SELF_READ_CTRL>
        <SELF_READ_HOUR>12</SELF_READ_HOUR>
        <SELF_READ_MINUTE>0</SELF_READ_MINUTE>
        <SELF_READ_DAY>1</SELF_READ_DAY>
        <SELF_READ_DAY_MEANING>0</SELF_READ_DAY_MEANING>
        <SELF_READ_DEMAND_RESET>0</SELF_READ_DEMAND_RESET>
        <SELF_READ_FILLER>0</SELF_READ_FILLER>
      </SELF_READ_CTRL>
      <MODE_CONTROL>
        <MODE_TIMEOUT>60</MODE_TIMEOUT>
        <DR_LOCKOUT_TIME>1</DR_LOCKOUT_TIME>
        <DAILY_SELF_READ_BFLD>
          <DAILY_SELF_READ_HOUR>0</DAILY_SELF_READ_HOUR>
          <DAILY_SELF_READ_MINUTE>0</DAILY_SELF_READ_MINUTE>
        </DAILY_SELF_READ_BFLD>
      </MODE_CONTROL>
    </MFG_CONFIGURATION_TBL>
    <MFG_TOU_CONFIGURATION_TBL>
      <CALENDAR_CONFIGURATION>
        <CALENDAR_ID>0</CALENDAR_ID>
        <DEMAND_RESET>0</DEMAND_RESET>
        <DST_HOUR>0</DST_HOUR>
        <DST_MINUTE>0</DST_MINUTE>
        <DST_OFFSET>0</DST_OFFSET>
        <CALENDAR_YEARS>
          <entry index="0-24">
            <YEAR>0</YEAR>
            <DAY_EVENTS>
              <entry index="0-43">
                <EVENT>0</EVENT>
                <MONTH>0</MONTH>
                <DAY_OF_MONTH>0</DAY_OF_MONTH>
                <FILLER>0</FILLER>
              </entry>
            </DAY_EVENTS>
          </entry>
        </CALENDAR_YEARS>
      </CALENDAR_CONFIGURATION>
      <TIME_OF_USE>
        <SEASONS>
          <entry index="0-7">
            <PROGRAMMED>0</PROGRAMMED>
            <DAY_TO_DAY_TYPES>
              <SUNDAY>0</SUNDAY>
              <MONDAY>0</MONDAY>
              <TUESDAY>0</TUESDAY>
              <WEDNESDAY>0</WEDNESDAY>
              <THURSDAY>0</THURSDAY>
              <FRIDAY>0</FRIDAY>
              <SATURDAY>0</SATURDAY>
              <HOLIDAY>0</HOLIDAY>
            </DAY_TO_DAY_TYPES>
            <DAY_TYPES>
              <entry index="0-3">
                <EVENT>
                  <entry index="0-23">
                    <RATE_EVENT>0</RATE_EVENT>
                    <MINUTE>0</MINUTE>
                    <HOUR>0</HOUR>
                    <FILLER>0</FILLER>
                  </entry>
                </EVENT>
              </entry>
            </DAY_TYPES>
          </entry>
        </SEASONS>
      </TIME_OF_USE>
      <BILLING_SCHEDULE_CONFIG>
        <SCHEDULED_DEMAND_RESET>
          <entry index="0-299">65535</entry>
        </SCHEDULED_DEMAND_RESET>
      </BILLING_SCHEDULE_CONFIG>
    </MFG_TOU_CONFIGURATION_TBL>
    <SERVICE_SWITCH_FAILSAFE_CONFIG_TBL>
      <INTERNAL_FAILSAFE_DURATION>1440</INTERNAL_FAILSAFE_DURATION>
    </SERVICE_SWITCH_FAILSAFE_CONFIG_TBL>
    <ACT_VM_TBL>
      <MEMORY_LEN>148736</MEMORY_LEN>
      <NBR_BLK_INTS>64</NBR_BLK_INTS>
      <VM_INT_LEN>1</VM_INT_LEN>
      <NBR_PHASES>1</NBR_PHASES>
    </ACT_VM_TBL>
    <VM_CTRL_TBL>
      <ENABLE_VM>
        <ENABLE_FLAG>true</ENABLE_FLAG>
        <FILLER>0</FILLER>
      </ENABLE_VM>
      <VH_LOW_THRESHOLD>128</VH_LOW_THRESHOLD>
      <VH_HIGH_THRESHOLD>192</VH_HIGH_THRESHOLD>
      <RMS_VOLT_LOW_THRESHOLD>192</RMS_VOLT_LOW_THRESHOLD>
      <RMS_VOLT_HIGH_THRESHOLD>288</RMS_VOLT_HIGH_THRESHOLD>
    </VM_CTRL_TBL>
    <VM_STATUS_TBL>
      <SCALAR>1</SCALAR>
      <DIVISOR>40</DIVISOR>
    </VM_STATUS_TBL>
    <ACT_VM_ENH_TBL>
      <MEMORY_LEN>148736</MEMORY_LEN>
      <NBR_BLK_INTS>64</NBR_BLK_INTS>
      <VM_INT_LEN>1</VM_INT_LEN>
      <VRMS_ALARM_MIN_SEC>3</VRMS_ALARM_MIN_SEC>
    </ACT_VM_ENH_TBL>
    <VM_ENH_CTRL_TBL>
      <ENABLE_VM>
        <ENABLE_FLAG>true</ENABLE_FLAG>
        <FILLER>0</FILLER>
      </ENABLE_VM>
      <VH_LOW_THRESHOLD_PERCENT>80</VH_LOW_THRESHOLD_PERCENT>
      <VH_HIGH_THRESHOLD_PERCENT>120</VH_HIGH_THRESHOLD_PERCENT>
      <RMS_VOLT_LOW_THRESHOLD_PERCENT>80</RMS_VOLT_LOW_THRESHOLD_PERCENT>
      <RMS_VOLT_HIGH_THRESHOLD_PERCENT>120</RMS_VOLT_HIGH_THRESHOLD_PERCENT>
    </VM_ENH_CTRL_TBL>
    <VM_ENH_STATUS_TBL>
      <SCALAR>1</SCALAR>
      <DIVISOR>40</DIVISOR>
    </VM_ENH_STATUS_TBL>
    <ACT_COMM_LOG_TBL>
      <LOG_FLAGS>
        <EVENT_NUMBER_FLAG>true</EVENT_NUMBER_FLAG>
        <LAN_INHIBIT_OVF_FLAG>false</LAN_INHIBIT_OVF_FLAG>
        <HAN_INHIBIT_OVF_FLAG>false</HAN_INHIBIT_OVF_FLAG>
        <LAN_LIST_TYPE_FLAG>true</LAN_LIST_TYPE_FLAG>
        <HAN_LIST_TYPE_FLAG>true</HAN_LIST_TYPE_FLAG>
        <FILLER>0</FILLER>
      </LOG_FLAGS>
      <NBR_STD_EVENTS>0</NBR_STD_EVENTS>
      <NBR_MFG_EVENTS>32</NBR_MFG_EVENTS>
      <LAN_DATA_LENGTH>31</LAN_DATA_LENGTH>
      <HAN_DATA_LENGTH>100</HAN_DATA_LENGTH>
      <NBR_LAN_ENTRIES>522</NBR_LAN_ENTRIES>
      <NBR_HAN_ENTRIES>160</NBR_HAN_ENTRIES>
    </ACT_COMM_LOG_TBL>
    <COMMUNICATION_CONFIG_TBL>
      <NBR_LOGIN_ATTEMPTS_OPTICAL>10</NBR_LOGIN_ATTEMPTS_OPTICAL>
      <NBR_LOCKOUT_MINUTES_OPTICAL>15</NBR_LOCKOUT_MINUTES_OPTICAL>
      <NBR_LOGIN_ATTEMPTS_LAN>10</NBR_LOGIN_ATTEMPTS_LAN>
      <NBR_LOCKOUT_MINUTES_LAN>15</NBR_LOCKOUT_MINUTES_LAN>
      <FAILURES_BEFORE_FAILURE_EVENT>10</FAILURES_BEFORE_FAILURE_EVENT>
      <LAN_LINK_METRIC_PERIOD_SECONDS>0</LAN_LINK_METRIC_PERIOD_SECONDS>
    </COMMUNICATION_CONFIG_TBL>
    <SR_3_0_CONFIGURATION_TBL>
      <TAMPER_TAP_CONTROL>
        <TAMPER_TAP_ENABLED>false</TAMPER_TAP_ENABLED>
        <TAMPER_TAP_RESERVED>0</TAMPER_TAP_RESERVED>
        <TAMPER_TAP_USE_METER_DEFAULTS>false</TAMPER_TAP_USE_METER_DEFAULTS>
      </TAMPER_TAP_CONTROL>
      <TAMPER_TAP_INVERSION_THRESHOLD>18</TAMPER_TAP_INVERSION_THRESHOLD>
      <TAMPER_TAP_REMOVAL_THRESHOLD>10</TAMPER_TAP_REMOVAL_THRESHOLD>
      <TAMPER_TAP_TAP_THRESHOLD>8</TAMPER_TAP_TAP_THRESHOLD>
      <TAMPER_WAKEUP_DURATION_SECOND>3600</TAMPER_WAKEUP_DURATION_SECOND>
      <FATAL_ERROR_RECOVERY_CONTROL>
        <FATAL_ERROR_RECOVERY_ENABLED>true</FATAL_ERROR_RECOVERY_ENABLED>
        <FATAL_ERROR_RECOVERY_RESERVED>0</FATAL_ERROR_RECOVERY_RESERVED>
        <FATAL_ERROR_RECOVERY_USE_METER_DEFAULTS>true</FATAL_ERROR_RECOVERY_USE_METER_DEFAULTS>
      </FATAL_ERROR_RECOVERY_CONTROL>
      <ASSET_SYNCHRONIZATION_CONTROL>
        <ASSET_SYNCHRONIZATION_ENABLED>false</ASSET_SYNCHRONIZATION_ENABLED>
        <ASSET_SYNCHRONIZATION_RESERVED>63</ASSET_SYNCHRONIZATION_RESERVED>
        <ASSET_SYNCHRONIZATION_USE_METER_DEFAULTS>true</ASSET_SYNCHRONIZATION_USE_METER_DEFAULTS>
      </ASSET_SYNCHRONIZATION_CONTROL>
      <DUMMY_1 binary="FFFF" />
      <CONFIG_SAVED_GMT>4294967295</CONFIG_SAVED_GMT>
      <DST_SCHEDULE_CONFIG>
        <DST_CTRL_HOUR>2</DST_CTRL_HOUR>
        <DST_CTRL_MINUTE>0</DST_CTRL_MINUTE>
        <DST_CTRL_OFFSET>60</DST_CTRL_OFFSET>
        <DST_DATE_CONFIG>
          <entry index="0">
            <DST_YEAR>18</DST_YEAR>
            <DST_EVENTS>
              <entry index="0">
                <DST_EVENT>1</DST_EVENT>
                <DST_MONTH>2</DST_MONTH>
                <DST_DAY_OF_MONTH>10</DST_DAY_OF_MONTH>
                <FILLER>0</FILLER>
              </entry>
              <entry index="1">
                <DST_EVENT>2</DST_EVENT>
                <DST_MONTH>10</DST_MONTH>
                <DST_DAY_OF_MONTH>3</DST_DAY_OF_MONTH>
                <FILLER>0</FILLER>
              </entry>
            </DST_EVENTS>
          </entry>
          <entry index="1">
            <DST_YEAR>19</DST_YEAR>
            <DST_EVENTS>
              <entry index="0">
                <DST_EVENT>1</DST_EVENT>
                <DST_MONTH>2</DST_MONTH>
                <DST_DAY_OF_MONTH>9</DST_DAY_OF_MONTH>
                <FILLER>0</FILLER>
              </entry>
              <entry index="1">
                <DST_EVENT>2</DST_EVENT>
                <DST_MONTH>10</DST_MONTH>
                <DST_DAY_OF_MONTH>2</DST_DAY_OF_MONTH>
                <FILLER>0</FILLER>
              </entry>
            </DST_EVENTS>
          </entry>
          <entry index="2">
            <DST_YEAR>20</DST_YEAR>
            <DST_EVENTS>
              <entry index="0">
                <DST_EVENT>1</DST_EVENT>
                <DST_MONTH>2</DST_MONTH>
                <DST_DAY_OF_MONTH>7</DST_DAY_OF_MONTH>
                <FILLER>0</FILLER>
              </entry>
              <entry index="1">
                <DST_EVENT>2</DST_EVENT>
                <DST_MONTH>10</DST_MONTH>
                <DST_DAY_OF_MONTH>0</DST_DAY_OF_MONTH>
                <FILLER>0</FILLER>
              </entry>
            </DST_EVENTS>
          </entry>
          <entry index="3">
            <DST_YEAR>21</DST_YEAR>
            <DST_EVENTS>
              <entry index="0">
                <DST_EVENT>1</DST_EVENT>
                <DST_MONTH>2</DST_MONTH>
                <DST_DAY_OF_MONTH>13</DST_DAY_OF_MONTH>
                <FILLER>0</FILLER>
              </entry>
              <entry index="1">
                <DST_EVENT>2</DST_EVENT>
                <DST_MONTH>10</DST_MONTH>
                <DST_DAY_OF_MONTH>6</DST_DAY_OF_MONTH>
                <FILLER>0</FILLER>
              </entry>
            </DST_EVENTS>
          </entry>
          <entry index="4">
            <DST_YEAR>22</DST_YEAR>
            <DST_EVENTS>
              <entry index="0">
                <DST_EVENT>1</DST_EVENT>
                <DST_MONTH>2</DST_MONTH>
                <DST_DAY_OF_MONTH>12</DST_DAY_OF_MONTH>
                <FILLER>0</FILLER>
              </entry>
              <entry index="1">
                <DST_EVENT>2</DST_EVENT>
                <DST_MONTH>10</DST_MONTH>
                <DST_DAY_OF_MONTH>5</DST_DAY_OF_MONTH>
                <FILLER>0</FILLER>
              </entry>
            </DST_EVENTS>
          </entry>
          <entry index="5">
            <DST_YEAR>23</DST_YEAR>
            <DST_EVENTS>
              <entry index="0">
                <DST_EVENT>1</DST_EVENT>
                <DST_MONTH>2</DST_MONTH>
                <DST_DAY_OF_MONTH>11</DST_DAY_OF_MONTH>
                <FILLER>0</FILLER>
              </entry>
              <entry index="1">
                <DST_EVENT>2</DST_EVENT>
                <DST_MONTH>10</DST_MONTH>
                <DST_DAY_OF_MONTH>4</DST_DAY_OF_MONTH>
                <FILLER>0</FILLER>
              </entry>
            </DST_EVENTS>
          </entry>
          <entry index="6">
            <DST_YEAR>24</DST_YEAR>
            <DST_EVENTS>
              <entry index="0">
                <DST_EVENT>1</DST_EVENT>
                <DST_MONTH>2</DST_MONTH>
                <DST_DAY_OF_MONTH>9</DST_DAY_OF_MONTH>
                <FILLER>0</FILLER>
              </entry>
              <entry index="1">
                <DST_EVENT>2</DST_EVENT>
                <DST_MONTH>10</DST_MONTH>
                <DST_DAY_OF_MONTH>2</DST_DAY_OF_MONTH>
                <FILLER>0</FILLER>
              </entry>
            </DST_EVENTS>
          </entry>
          <entry index="7">
            <DST_YEAR>25</DST_YEAR>
            <DST_EVENTS>
              <entry index="0">
                <DST_EVENT>1</DST_EVENT>
                <DST_MONTH>2</DST_MONTH>
                <DST_DAY_OF_MONTH>8</DST_DAY_OF_MONTH>
                <FILLER>0</FILLER>
              </entry>
              <entry index="1">
                <DST_EVENT>2</DST_EVENT>
                <DST_MONTH>10</DST_MONTH>
                <DST_DAY_OF_MONTH>1</DST_DAY_OF_MONTH>
                <FILLER>0</FILLER>
              </entry>
            </DST_EVENTS>
          </entry>
          <entry index="8">
            <DST_YEAR>26</DST_YEAR>
            <DST_EVENTS>
              <entry index="0">
                <DST_EVENT>1</DST_EVENT>
                <DST_MONTH>2</DST_MONTH>
                <DST_DAY_OF_MONTH>7</DST_DAY_OF_MONTH>
                <FILLER>0</FILLER>
              </entry>
              <entry index="1">
                <DST_EVENT>2</DST_EVENT>
                <DST_MONTH>10</DST_MONTH>
                <DST_DAY_OF_MONTH>0</DST_DAY_OF_MONTH>
                <FILLER>0</FILLER>
              </entry>
            </DST_EVENTS>
          </entry>
          <entry index="9">
            <DST_YEAR>27</DST_YEAR>
            <DST_EVENTS>
              <entry index="0">
                <DST_EVENT>1</DST_EVENT>
                <DST_MONTH>2</DST_MONTH>
                <DST_DAY_OF_MONTH>13</DST_DAY_OF_MONTH>
                <FILLER>0</FILLER>
              </entry>
              <entry index="1">
                <DST_EVENT>2</DST_EVENT>
                <DST_MONTH>10</DST_MONTH>
                <DST_DAY_OF_MONTH>6</DST_DAY_OF_MONTH>
                <FILLER>0</FILLER>
              </entry>
            </DST_EVENTS>
          </entry>
          <entry index="10">
            <DST_YEAR>28</DST_YEAR>
            <DST_EVENTS>
              <entry index="0">
                <DST_EVENT>1</DST_EVENT>
                <DST_MONTH>2</DST_MONTH>
                <DST_DAY_OF_MONTH>11</DST_DAY_OF_MONTH>
                <FILLER>0</FILLER>
              </entry>
              <entry index="1">
                <DST_EVENT>2</DST_EVENT>
                <DST_MONTH>10</DST_MONTH>
                <DST_DAY_OF_MONTH>4</DST_DAY_OF_MONTH>
                <FILLER>0</FILLER>
              </entry>
            </DST_EVENTS>
          </entry>
          <entry index="11">
            <DST_YEAR>29</DST_YEAR>
            <DST_EVENTS>
              <entry index="0">
                <DST_EVENT>1</DST_EVENT>
                <DST_MONTH>2</DST_MONTH>
                <DST_DAY_OF_MONTH>10</DST_DAY_OF_MONTH>
                <FILLER>0</FILLER>
              </entry>
              <entry index="1">
                <DST_EVENT>2</DST_EVENT>
                <DST_MONTH>10</DST_MONTH>
                <DST_DAY_OF_MONTH>3</DST_DAY_OF_MONTH>
                <FILLER>0</FILLER>
              </entry>
            </DST_EVENTS>
          </entry>
          <entry index="12">
            <DST_YEAR>30</DST_YEAR>
            <DST_EVENTS>
              <entry index="0">
                <DST_EVENT>1</DST_EVENT>
                <DST_MONTH>2</DST_MONTH>
                <DST_DAY_OF_MONTH>9</DST_DAY_OF_MONTH>
                <FILLER>0</FILLER>
              </entry>
              <entry index="1">
                <DST_EVENT>2</DST_EVENT>
                <DST_MONTH>10</DST_MONTH>
                <DST_DAY_OF_MONTH>2</DST_DAY_OF_MONTH>
                <FILLER>0</FILLER>
              </entry>
            </DST_EVENTS>
          </entry>
          <entry index="13">
            <DST_YEAR>31</DST_YEAR>
            <DST_EVENTS>
              <entry index="0">
                <DST_EVENT>1</DST_EVENT>
                <DST_MONTH>2</DST_MONTH>
                <DST_DAY_OF_MONTH>8</DST_DAY_OF_MONTH>
                <FILLER>0</FILLER>
              </entry>
              <entry index="1">
                <DST_EVENT>2</DST_EVENT>
                <DST_MONTH>10</DST_MONTH>
                <DST_DAY_OF_MONTH>1</DST_DAY_OF_MONTH>
                <FILLER>0</FILLER>
              </entry>
            </DST_EVENTS>
          </entry>
          <entry index="14">
            <DST_YEAR>32</DST_YEAR>
            <DST_EVENTS>
              <entry index="0">
                <DST_EVENT>1</DST_EVENT>
                <DST_MONTH>2</DST_MONTH>
                <DST_DAY_OF_MONTH>13</DST_DAY_OF_MONTH>
                <FILLER>0</FILLER>
              </entry>
              <entry index="1">
                <DST_EVENT>2</DST_EVENT>
                <DST_MONTH>10</DST_MONTH>
                <DST_DAY_OF_MONTH>6</DST_DAY_OF_MONTH>
                <FILLER>0</FILLER>
              </entry>
            </DST_EVENTS>
          </entry>
          <entry index="15">
            <DST_YEAR>33</DST_YEAR>
            <DST_EVENTS>
              <entry index="0">
                <DST_EVENT>1</DST_EVENT>
                <DST_MONTH>2</DST_MONTH>
                <DST_DAY_OF_MONTH>12</DST_DAY_OF_MONTH>
                <FILLER>0</FILLER>
              </entry>
              <entry index="1">
                <DST_EVENT>2</DST_EVENT>
                <DST_MONTH>10</DST_MONTH>
                <DST_DAY_OF_MONTH>5</DST_DAY_OF_MONTH>
                <FILLER>0</FILLER>
              </entry>
            </DST_EVENTS>
          </entry>
          <entry index="16">
            <DST_YEAR>34</DST_YEAR>
            <DST_EVENTS>
              <entry index="0">
                <DST_EVENT>1</DST_EVENT>
                <DST_MONTH>2</DST_MONTH>
                <DST_DAY_OF_MONTH>11</DST_DAY_OF_MONTH>
                <FILLER>0</FILLER>
              </entry>
              <entry index="1">
                <DST_EVENT>2</DST_EVENT>
                <DST_MONTH>10</DST_MONTH>
                <DST_DAY_OF_MONTH>4</DST_DAY_OF_MONTH>
                <FILLER>0</FILLER>
              </entry>
            </DST_EVENTS>
          </entry>
          <entry index="17">
            <DST_YEAR>35</DST_YEAR>
            <DST_EVENTS>
              <entry index="0">
                <DST_EVENT>1</DST_EVENT>
                <DST_MONTH>2</DST_MONTH>
                <DST_DAY_OF_MONTH>10</DST_DAY_OF_MONTH>
                <FILLER>0</FILLER>
              </entry>
              <entry index="1">
                <DST_EVENT>2</DST_EVENT>
                <DST_MONTH>10</DST_MONTH>
                <DST_DAY_OF_MONTH>3</DST_DAY_OF_MONTH>
                <FILLER>0</FILLER>
              </entry>
            </DST_EVENTS>
          </entry>
          <entry index="18">
            <DST_YEAR>36</DST_YEAR>
            <DST_EVENTS>
              <entry index="0">
                <DST_EVENT>1</DST_EVENT>
                <DST_MONTH>2</DST_MONTH>
                <DST_DAY_OF_MONTH>8</DST_DAY_OF_MONTH>
                <FILLER>0</FILLER>
              </entry>
              <entry index="1">
                <DST_EVENT>2</DST_EVENT>
                <DST_MONTH>10</DST_MONTH>
                <DST_DAY_OF_MONTH>1</DST_DAY_OF_MONTH>
                <FILLER>0</FILLER>
              </entry>
            </DST_EVENTS>
          </entry>
          <entry index="19">
            <DST_YEAR>37</DST_YEAR>
            <DST_EVENTS>
              <entry index="0">
                <DST_EVENT>1</DST_EVENT>
                <DST_MONTH>2</DST_MONTH>
                <DST_DAY_OF_MONTH>7</DST_DAY_OF_MONTH>
                <FILLER>0</FILLER>
              </entry>
              <entry index="1">
                <DST_EVENT>2</DST_EVENT>
                <DST_MONTH>10</DST_MONTH>
                <DST_DAY_OF_MONTH>0</DST_DAY_OF_MONTH>
                <FILLER>0</FILLER>
              </entry>
            </DST_EVENTS>
          </entry>
          <entry index="20">
            <DST_YEAR>38</DST_YEAR>
            <DST_EVENTS>
              <entry index="0">
                <DST_EVENT>1</DST_EVENT>
                <DST_MONTH>2</DST_MONTH>
                <DST_DAY_OF_MONTH>13</DST_DAY_OF_MONTH>
                <FILLER>0</FILLER>
              </entry>
              <entry index="1">
                <DST_EVENT>2</DST_EVENT>
                <DST_MONTH>10</DST_MONTH>
                <DST_DAY_OF_MONTH>6</DST_DAY_OF_MONTH>
                <FILLER>0</FILLER>
              </entry>
            </DST_EVENTS>
          </entry>
          <entry index="21">
            <DST_YEAR>39</DST_YEAR>
            <DST_EVENTS>
              <entry index="0">
                <DST_EVENT>1</DST_EVENT>
                <DST_MONTH>2</DST_MONTH>
                <DST_DAY_OF_MONTH>12</DST_DAY_OF_MONTH>
                <FILLER>0</FILLER>
              </entry>
              <entry index="1">
                <DST_EVENT>2</DST_EVENT>
                <DST_MONTH>10</DST_MONTH>
                <DST_DAY_OF_MONTH>5</DST_DAY_OF_MONTH>
                <FILLER>0</FILLER>
              </entry>
            </DST_EVENTS>
          </entry>
          <entry index="22">
            <DST_YEAR>40</DST_YEAR>
            <DST_EVENTS>
              <entry index="0">
                <DST_EVENT>1</DST_EVENT>
                <DST_MONTH>2</DST_MONTH>
                <DST_DAY_OF_MONTH>10</DST_DAY_OF_MONTH>
                <FILLER>0</FILLER>
              </entry>
              <entry index="1">
                <DST_EVENT>2</DST_EVENT>
                <DST_MONTH>10</DST_MONTH>
                <DST_DAY_OF_MONTH>3</DST_DAY_OF_MONTH>
                <FILLER>0</FILLER>
              </entry>
            </DST_EVENTS>
          </entry>
          <entry index="23">
            <DST_YEAR>34</DST_YEAR>
            <DST_EVENTS>
              <entry index="0">
                <DST_EVENT>1</DST_EVENT>
                <DST_MONTH>2</DST_MONTH>
                <DST_DAY_OF_MONTH>11</DST_DAY_OF_MONTH>
                <FILLER>0</FILLER>
              </entry>
              <entry index="1">
                <DST_EVENT>2</DST_EVENT>
                <DST_MONTH>10</DST_MONTH>
                <DST_DAY_OF_MONTH>4</DST_DAY_OF_MONTH>
                <FILLER>0</FILLER>
              </entry>
            </DST_EVENTS>
          </entry>
          <entry index="24">
            <DST_YEAR>35</DST_YEAR>
            <DST_EVENTS>
              <entry index="0">
                <DST_EVENT>1</DST_EVENT>
                <DST_MONTH>2</DST_MONTH>
                <DST_DAY_OF_MONTH>10</DST_DAY_OF_MONTH>
                <FILLER>0</FILLER>
              </entry>
              <entry index="1">
                <DST_EVENT>2</DST_EVENT>
                <DST_MONTH>10</DST_MONTH>
                <DST_DAY_OF_MONTH>3</DST_DAY_OF_MONTH>
                <FILLER>0</FILLER>
              </entry>
            </DST_EVENTS>
          </entry>
        </DST_DATE_CONFIG>
      </DST_SCHEDULE_CONFIG>
      <LOAD_VOLTAGE_DETECTION_DELAY>65535</LOAD_VOLTAGE_DETECTION_DELAY>
    </SR_3_0_CONFIGURATION_TBL>
    <ACT_SERVICE_LIMITING_TBL>
      <SL_FLAGS>
        <SWITCH_HW_EXISTS_FLAG>false</SWITCH_HW_EXISTS_FLAG>
        <CYCLIC_FLAG>false</CYCLIC_FLAG>
        <TIER_FLAG>false</TIER_FLAG>
        <NBR_TIERS>3</NBR_TIERS>
        <FILLER>0</FILLER>
      </SL_FLAGS>
    </ACT_SERVICE_LIMITING_TBL>
    <SERVICE_LIMITING_CONFIG_TBL>
      <CONNECT_OPTION_FLAGS>
        <CONNECT_OPTION_FLAG>false</CONNECT_OPTION_FLAG>
        <FILLER>0</FILLER>
      </CONNECT_OPTION_FLAGS>
      <MAX_DISCONNECTS>0</MAX_DISCONNECTS>
      <MAX_DISCONNECTS_PERIOD>00:00:00</MAX_DISCONNECTS_PERIOD>
      <RANDOMIZATION_ALARM>00:00:00</RANDOMIZATION_ALARM>
      <RESTORATION_START_DELAY>00:00:00</RESTORATION_START_DELAY>
      <RESTORATION_RANDOM_DELAY>00:00:00</RESTORATION_RANDOM_DELAY>
      <OPEN_TIME>00:15:00</OPEN_TIME>
      <RETRY_ATTEMPTS>1</RETRY_ATTEMPTS>
      <DISCONNECT_THRESHOLD>
        <entry index="0-2">
          <QUANTITY>255</QUANTITY>
          <THRESHOLD>1000</THRESHOLD>
        </entry>
      </DISCONNECT_THRESHOLD>
    </SERVICE_LIMITING_CONFIG_TBL>
    <TEMPERATURE_CONTROL_TABLE>
      <TEMPERATURE_ENABLE_FLAG>
        <ENABLE>true</ENABLE>
        <FILLER>0</FILLER>
      </TEMPERATURE_ENABLE_FLAG>
      <HIGH_TEMPERATURE_THRESHOLD_1>80</HIGH_TEMPERATURE_THRESHOLD_1>
      <HIGH_TEMPERATURE_THRESHOLD_2>100</HIGH_TEMPERATURE_THRESHOLD_2>
      <HYSTERESIS>7</HYSTERESIS>
    </TEMPERATURE_CONTROL_TABLE>
    <Actual_Exception_Table>
      <NBR_EXCEPTIONS>70</NBR_EXCEPTIONS>
    </Actual_Exception_Table>
    <Exception_IDs_Table>
      <EXCEPTION_IDS>
        <entry index="0">13</entry>
        <entry index="1">12</entry>
        <entry index="2">3</entry>
        <entry index="3">4</entry>
        <entry index="4">37</entry>
        <entry index="5">192</entry>
        <entry index="6">20</entry>
        <entry index="7">7</entry>
        <entry index="8">8</entry>
        <entry index="9">32</entry>
        <entry index="10">141</entry>
        <entry index="11">33</entry>
        <entry index="12">26</entry>
        <entry index="13">121</entry>
        <entry index="14">184</entry>
        <entry index="15">137</entry>
        <entry index="16">16</entry>
        <entry index="17">17</entry>
        <entry index="18">62</entry>
        <entry index="19">15</entry>
        <entry index="20">14</entry>
        <entry index="21">230</entry>
        <entry index="22">10</entry>
        <entry index="23">44</entry>
        <entry index="24">42</entry>
        <entry index="25">135</entry>
        <entry index="26">136</entry>
        <entry index="27">36</entry>
        <entry index="28">134</entry>
        <entry index="29">28</entry>
        <entry index="30">161</entry>
        <entry index="31">29</entry>
        <entry index="32">231</entry>
        <entry index="33">232</entry>
        <entry index="34">250</entry>
        <entry index="35">1</entry>
        <entry index="36">2</entry>
        <entry index="37">25</entry>
        <entry index="38">66</entry>
        <entry index="39">169</entry>
        <entry index="40">172</entry>
        <entry index="41">67</entry>
        <entry index="42">46</entry>
        <entry index="43">175</entry>
        <entry index="44">185</entry>
        <entry index="45">188</entry>
        <entry index="46">189</entry>
        <entry index="47">186</entry>
        <entry index="48">187</entry>
        <entry index="49">63</entry>
        <entry index="50">48</entry>
        <entry index="51">39</entry>
        <entry index="52">247</entry>
        <entry index="53">246</entry>
        <entry index="54">177</entry>
        <entry index="55">176</entry>
        <entry index="56">9</entry>
        <entry index="57">61</entry>
        <entry index="58">21</entry>
        <entry index="59">126</entry>
        <entry index="60">165</entry>
        <entry index="61">166</entry>
        <entry index="62">167</entry>
        <entry index="63">6</entry>
        <entry index="64">24</entry>
        <entry index="65">41</entry>
        <entry index="66">249</entry>
        <entry index="67">248</entry>
        <entry index="68">179</entry>
        <entry index="69">178</entry>
      </EXCEPTION_IDS>
    </Exception_IDs_Table>
    <Iprofile_Config>
      <Interval_Length_Minutes>5</Interval_Length_Minutes>
      <Number_Of_Channels>10</Number_Of_Channels>
      <Minimum_Power_Outage_Seconds>60</Minimum_Power_Outage_Seconds>
      <Memory_Size_KBytes>70</Memory_Size_KBytes>
      <Channel_Storage_Size_Bytes>3</Channel_Storage_Size_Bytes>
      <AlignmentBytes>
        <entry index="0-2">0</entry>
      </AlignmentBytes>
      <Options>3</Options>
      <Channel_LID>
        <entry index="0">872421376</entry>
        <entry index="1">872421440</entry>
        <entry index="2">3959422990</entry>
        <entry index="3">872421763</entry>
        <entry index="4">872421827</entry>
        <entry index="5">872421891</entry>
        <entry index="6">872419587</entry>
        <entry index="7">872421379</entry>
        <entry index="8">872421443</entry>
        <entry index="9">2617245715</entry>
        <entry index="10-15">0</entry>
      </Channel_LID>
      <Pulse_Weight>
        <entry index="0">100</entry>
        <entry index="1">150</entry>
        <entry index="2">200</entry>
        <entry index="3">250</entry>
        <entry index="4">300</entry>
        <entry index="5">350</entry>
        <entry index="6">400</entry>
        <entry index="7">450</entry>
        <entry index="8">500</entry>
        <entry index="9">550</entry>
        <entry index="10-11">100</entry>
        <entry index="12-15">0</entry>
      </Pulse_Weight>
    </Iprofile_Config>
    <MFG_ENCRYPTED_DATA_TBL>
      <ENCRYPTION_TYPE>0</ENCRYPTION_TYPE>
      <DATA_SIZE>224</DATA_SIZE>
      <DATA>
        <entry index="0">17</entry>
        <entry index="1">184</entry>
        <entry index="2">74</entry>
        <entry index="3">183</entry>
        <entry index="4">174</entry>
        <entry index="5">226</entry>
        <entry index="6">248</entry>
        <entry index="7">96</entry>
        <entry index="8">253</entry>
        <entry index="9">113</entry>
        <entry index="10">195</entry>
        <entry index="11">184</entry>
        <entry index="12">84</entry>
        <entry index="13">14</entry>
        <entry index="14">122</entry>
        <entry index="15">36</entry>
        <entry index="16">138</entry>
        <entry index="17">60</entry>
        <entry index="18">79</entry>
        <entry index="19">182</entry>
        <entry index="20">45</entry>
        <entry index="21">18</entry>
        <entry index="22">135</entry>
        <entry index="23">109</entry>
        <entry index="24">88</entry>
        <entry index="25">181</entry>
        <entry index="26">75</entry>
        <entry index="27">153</entry>
        <entry index="28">15</entry>
        <entry index="29">225</entry>
        <entry index="30">144</entry>
        <entry index="31">40</entry>
        <entry index="32">67</entry>
        <entry index="33">64</entry>
        <entry index="34">112</entry>
        <entry index="35">121</entry>
        <entry index="36">101</entry>
        <entry index="37">189</entry>
        <entry index="38">100</entry>
        <entry index="39">38</entry>
        <entry index="40">126</entry>
        <entry index="41">75</entry>
        <entry index="42">28</entry>
        <entry index="43">64</entry>
        <entry index="44">26</entry>
        <entry index="45">71</entry>
        <entry index="46">167</entry>
        <entry index="47">178</entry>
        <entry index="48">12</entry>
        <entry index="49">40</entry>
        <entry index="50">2</entry>
        <entry index="51">51</entry>
        <entry index="52">240</entry>
        <entry index="53">39</entry>
        <entry index="54">238</entry>
        <entry index="55">145</entry>
        <entry index="56">26</entry>
        <entry index="57">100</entry>
        <entry index="58">168</entry>
        <entry index="59">209</entry>
        <entry index="60">150</entry>
        <entry index="61">34</entry>
        <entry index="62">3</entry>
        <entry index="63">45</entry>
        <entry index="64">236</entry>
        <entry index="65">239</entry>
        <entry index="66">63</entry>
        <entry index="67">51</entry>
        <entry index="68">132</entry>
        <entry index="69">55</entry>
        <entry index="70">63</entry>
        <entry index="71">79</entry>
        <entry index="72">172</entry>
        <entry index="73">80</entry>
        <entry index="74">42</entry>
        <entry index="75">239</entry>
        <entry index="76">134</entry>
        <entry index="77">53</entry>
        <entry index="78">42</entry>
        <entry index="79">103</entry>
        <entry index="80">249</entry>
        <entry index="81">222</entry>
        <entry index="82">85</entry>
        <entry index="83">202</entry>
        <entry index="84">32</entry>
        <entry index="85">90</entry>
        <entry index="86">74</entry>
        <entry index="87">192</entry>
        <entry index="88">22</entry>
        <entry index="89">100</entry>
        <entry index="90">99</entry>
        <entry index="91">140</entry>
        <entry index="92">44</entry>
        <entry index="93">179</entry>
        <entry index="94">219</entry>
        <entry index="95">158</entry>
        <entry index="96">141</entry>
        <entry index="97">55</entry>
        <entry index="98">200</entry>
        <entry index="99">58</entry>
        <entry index="100">226</entry>
        <entry index="101">15</entry>
        <entry index="102">221</entry>
        <entry index="103">201</entry>
        <entry index="104">198</entry>
        <entry index="105">137</entry>
        <entry index="106">102</entry>
        <entry index="107">18</entry>
        <entry index="108">255</entry>
        <entry index="109">207</entry>
        <entry index="110">46</entry>
        <entry index="111">191</entry>
        <entry index="112">215</entry>
        <entry index="113">25</entry>
        <entry index="114">109</entry>
        <entry index="115">117</entry>
        <entry index="116">75</entry>
        <entry index="117">98</entry>
        <entry index="118">201</entry>
        <entry index="119">21</entry>
        <entry index="120">208</entry>
        <entry index="121">1</entry>
        <entry index="122">182</entry>
        <entry index="123">147</entry>
        <entry index="124">208</entry>
        <entry index="125">226</entry>
        <entry index="126">212</entry>
        <entry index="127">47</entry>
        <entry index="128">131</entry>
        <entry index="129">222</entry>
        <entry index="130">229</entry>
        <entry index="131">15</entry>
        <entry index="132">22</entry>
        <entry index="133">23</entry>
        <entry index="134">92</entry>
        <entry index="135">98</entry>
        <entry index="136">30</entry>
        <entry index="137">99</entry>
        <entry index="138">144</entry>
        <entry index="139">187</entry>
        <entry index="140">21</entry>
        <entry index="141">58</entry>
        <entry index="142">242</entry>
        <entry index="143">119</entry>
        <entry index="144">134</entry>
        <entry index="145">249</entry>
        <entry index="146">193</entry>
        <entry index="147">99</entry>
        <entry index="148">191</entry>
        <entry index="149">68</entry>
        <entry index="150">87</entry>
        <entry index="151">102</entry>
        <entry index="152">114</entry>
        <entry index="153">9</entry>
        <entry index="154">253</entry>
        <entry index="155">183</entry>
        <entry index="156">167</entry>
        <entry index="157">136</entry>
        <entry index="158">110</entry>
        <entry index="159">240</entry>
        <entry index="160">144</entry>
        <entry index="161">245</entry>
        <entry index="162">137</entry>
        <entry index="163">30</entry>
        <entry index="164">13</entry>
        <entry index="165">121</entry>
        <entry index="166">62</entry>
        <entry index="167">109</entry>
        <entry index="168">64</entry>
        <entry index="169">30</entry>
        <entry index="170">169</entry>
        <entry index="171">218</entry>
        <entry index="172">2</entry>
        <entry index="173">181</entry>
        <entry index="174">106</entry>
        <entry index="175">177</entry>
        <entry index="176">111</entry>
        <entry index="177">49</entry>
        <entry index="178">90</entry>
        <entry index="179">165</entry>
        <entry index="180">45</entry>
        <entry index="181">158</entry>
        <entry index="182">199</entry>
        <entry index="183">222</entry>
        <entry index="184">254</entry>
        <entry index="185">203</entry>
        <entry index="186">171</entry>
        <entry index="187">102</entry>
        <entry index="188">48</entry>
        <entry index="189">197</entry>
        <entry index="190">26</entry>
        <entry index="191">117</entry>
        <entry index="192">211</entry>
        <entry index="193">164</entry>
        <entry index="194">104</entry>
        <entry index="195">243</entry>
        <entry index="196">30</entry>
        <entry index="197">186</entry>
        <entry index="198">25</entry>
        <entry index="199">245</entry>
        <entry index="200">177</entry>
        <entry index="201">167</entry>
        <entry index="202">47</entry>
        <entry index="203">204</entry>
        <entry index="204">20</entry>
        <entry index="205">133</entry>
        <entry index="206">26</entry>
        <entry index="207">243</entry>
        <entry index="208">139</entry>
        <entry index="209">181</entry>
        <entry index="210">184</entry>
        <entry index="211">124</entry>
        <entry index="212">37</entry>
        <entry index="213">102</entry>
        <entry index="214">117</entry>
        <entry index="215">187</entry>
        <entry index="216">165</entry>
        <entry index="217">25</entry>
        <entry index="218">98</entry>
        <entry index="219">251</entry>
        <entry index="220">122</entry>
        <entry index="221">234</entry>
        <entry index="222">230</entry>
        <entry index="223">118</entry>
      </DATA>
      <IVSMA>
        <KEY_ID>0</KEY_ID>
        <IV>10766960776828858955</IV>
      </IVSMA>
    </MFG_ENCRYPTED_DATA_TBL>
  </data>
